<?xml version="1.0" encoding="UTF-8"?>
<manifest identifier="decathlon-formation-capitaine-2026-ta-feuille-de-route" version="1.0" xmlns="http://www.imsproject.org/xsd/imscp_rootv1p1p2" xmlns:adlcp="http://www.adlnet.org/xsd/adlcp_rootv1p2" xmlns:imsmd="http://www.imsglobal.org/xsd/imsmd_rootv1p2p1" xmlns:xsi="http://www.w3.org/2001/XMLSchema-instance" xsi:schemaLocation="http://www.imsproject.org/xsd/imscp_rootv1p1p2 https://www.imsglobal.org/xsd/imscp_rootv1p1p2.xsd http://www.adlnet.org/xsd/adlcp_rootv1p2 https://www.adlnet.gov/adlxml.xsd http://www.imsglobal.org/xsd/imsmd_rootv1p2p1 https://www.imsglobal.org/xsd/imsmd_rootv1p2p1.xsd">
  <metadata>
    <imsmd:lom>
      <imsmd:general>
        <imsmd:title>
          <imsmd:string language="fr">Fin du paiement par chèque – Formation Capitaine – Ta feuille de route</imsmd:string>
        </imsmd:title>
        <imsmd:description>
          <imsmd:string language="fr">Module &quot;Ta feuille de route&quot; – Visualise les objectifs, repères clés et l&apos;ensemble des modules pour préparer ton parcours. Généré le 2025-11-09T16:15:55.698Z.</imsmd:string>
        </imsmd:description>
      </imsmd:general>
    </imsmd:lom>
  </metadata>
  <organizations default="decathlon-formation-capitaine-2026-ta-feuille-de-route-org">
    <organization identifier="decathlon-formation-capitaine-2026-ta-feuille-de-route-org" structure="hierarchical">
      <title>Fin du paiement par chèque – Formation Capitaine – Ta feuille de route</title>
      <item identifier="decathlon-formation-capitaine-2026-ta-feuille-de-route-item" identifierref="decathlon-formation-capitaine-2026-ta-feuille-de-route-resource" isvisible="true">
        <title>Fin du paiement par chèque – Formation Capitaine – Ta feuille de route</title>
      </item>
    </organization>
  </organizations>
  <resources>
    <resource identifier="decathlon-formation-capitaine-2026-ta-feuille-de-route-resource" type="webcontent" adlcp:scormtype="sco" href="index.html?module=ta-feuille-de-route">
      <file href="assets/index-B99o_nuN.js" />
      <file href="assets/index-XPJd14iF.css" />
      <file href="favicon.ico" />
      <file href="index.html" />
      <file href="placeholder.svg" />
      <file href="robots.txt" />
    </resource>
  </resources>
</manifest>
