<?xml version="1.0" encoding="UTF-8"?>
<manifest identifier="decathlon-formation-capitaine-2026-etape-06" version="1.0" xmlns="http://www.imsproject.org/xsd/imscp_rootv1p1p2" xmlns:adlcp="http://www.adlnet.org/xsd/adlcp_rootv1p2" xmlns:imsmd="http://www.imsglobal.org/xsd/imsmd_rootv1p2p1" xmlns:xsi="http://www.w3.org/2001/XMLSchema-instance" xsi:schemaLocation="http://www.imsproject.org/xsd/imscp_rootv1p1p2 https://www.imsglobal.org/xsd/imscp_rootv1p1p2.xsd http://www.adlnet.org/xsd/adlcp_rootv1p2 https://www.adlnet.gov/adlxml.xsd http://www.imsglobal.org/xsd/imsmd_rootv1p2p1 https://www.imsglobal.org/xsd/imsmd_rootv1p2p1.xsd">
  <metadata>
    <imsmd:lom>
      <imsmd:general>
        <imsmd:title>
          <imsmd:string language="fr">Fin du paiement par chèque – Formation Capitaine – Écouter le terrain</imsmd:string>
        </imsmd:title>
        <imsmd:description>
          <imsmd:string language="fr">Module &quot;Écouter le terrain&quot; – Découvre l&apos;expérience de Muriel, capitaine de magasin Decathlon. Généré le 2025-11-09T11:40:01.534Z.</imsmd:string>
        </imsmd:description>
      </imsmd:general>
    </imsmd:lom>
  </metadata>
  <organizations default="decathlon-formation-capitaine-2026-etape-06-org">
    <organization identifier="decathlon-formation-capitaine-2026-etape-06-org" structure="hierarchical">
      <title>Fin du paiement par chèque – Formation Capitaine – Écouter le terrain</title>
      <item identifier="decathlon-formation-capitaine-2026-etape-06-item" identifierref="decathlon-formation-capitaine-2026-etape-06-resource" isvisible="true">
        <title>Fin du paiement par chèque – Formation Capitaine – Écouter le terrain</title>
      </item>
    </organization>
  </organizations>
  <resources>
    <resource identifier="decathlon-formation-capitaine-2026-etape-06-resource" type="webcontent" adlcp:scormtype="sco" href="index.html?module=etape-06">
      <file href="assets/index-BfKJQ8kB.css" />
      <file href="assets/index-S83FhyBl.js" />
      <file href="favicon.ico" />
      <file href="imsmanifest.xml" />
      <file href="index.html" />
      <file href="placeholder.svg" />
      <file href="robots.txt" />
    </resource>
  </resources>
</manifest>
