<?xml version="1.0" encoding="UTF-8"?>
<manifest identifier="decathlon-formation-capitaine-2026-etape-01" version="1.0" xmlns="http://www.imsproject.org/xsd/imscp_rootv1p1p2" xmlns:adlcp="http://www.adlnet.org/xsd/adlcp_rootv1p2" xmlns:imsmd="http://www.imsglobal.org/xsd/imsmd_rootv1p2p1" xmlns:xsi="http://www.w3.org/2001/XMLSchema-instance" xsi:schemaLocation="http://www.imsproject.org/xsd/imscp_rootv1p1p2 https://www.imsglobal.org/xsd/imscp_rootv1p1p2.xsd http://www.adlnet.org/xsd/adlcp_rootv1p2 https://www.adlnet.gov/adlxml.xsd http://www.imsglobal.org/xsd/imsmd_rootv1p2p1 https://www.imsglobal.org/xsd/imsmd_rootv1p2p1.xsd">
  <metadata>
    <imsmd:lom>
      <imsmd:general>
        <imsmd:title>
          <imsmd:string language="fr">Fin du paiement par chèque – Formation Capitaine – Adopter la posture verbale &amp; non verbale</imsmd:string>
        </imsmd:title>
        <imsmd:description>
          <imsmd:string language="fr">Module &quot;Adopter la posture verbale &amp; non verbale&quot; – Pose les bases : mots, ton et attitude pour désamorcer les tensions. Généré le 2025-11-09T14:54:14.255Z.</imsmd:string>
        </imsmd:description>
      </imsmd:general>
    </imsmd:lom>
  </metadata>
  <organizations default="decathlon-formation-capitaine-2026-etape-01-org">
    <organization identifier="decathlon-formation-capitaine-2026-etape-01-org" structure="hierarchical">
      <title>Fin du paiement par chèque – Formation Capitaine – Adopter la posture verbale &amp; non verbale</title>
      <item identifier="decathlon-formation-capitaine-2026-etape-01-item" identifierref="decathlon-formation-capitaine-2026-etape-01-resource" isvisible="true">
        <title>Fin du paiement par chèque – Formation Capitaine – Adopter la posture verbale &amp; non verbale</title>
      </item>
    </organization>
  </organizations>
  <resources>
    <resource identifier="decathlon-formation-capitaine-2026-etape-01-resource" type="webcontent" adlcp:scormtype="sco" href="index.html?module=etape-01">
      <file href="assets/index-B3c16T04.js" />
      <file href="assets/index-zM_BODcZ.css" />
      <file href="favicon.ico" />
      <file href="imsmanifest.xml" />
      <file href="index.html" />
      <file href="placeholder.svg" />
      <file href="robots.txt" />
    </resource>
  </resources>
</manifest>
