<?xml version="1.0" encoding="UTF-8"?>
<manifest identifier="decathlon-formation-capitaine-2026-etape-03" version="1.0" xmlns="http://www.imsproject.org/xsd/imscp_rootv1p1p2" xmlns:adlcp="http://www.adlnet.org/xsd/adlcp_rootv1p2" xmlns:imsmd="http://www.imsglobal.org/xsd/imsmd_rootv1p2p1" xmlns:xsi="http://www.w3.org/2001/XMLSchema-instance" xsi:schemaLocation="http://www.imsproject.org/xsd/imscp_rootv1p1p2 https://www.imsglobal.org/xsd/imscp_rootv1p1p2.xsd http://www.adlnet.org/xsd/adlcp_rootv1p2 https://www.adlnet.gov/adlxml.xsd http://www.imsglobal.org/xsd/imsmd_rootv1p2p1 https://www.imsglobal.org/xsd/imsmd_rootv1p2p1.xsd">
  <metadata>
    <imsmd:lom>
      <imsmd:general>
        <imsmd:title>
          <imsmd:string language="fr">Fin du paiement par chèque – Formation Capitaine – Simulation client : réagir avec calme et empathie</imsmd:string>
        </imsmd:title>
        <imsmd:description>
          <imsmd:string language="fr">Module &quot;Simulation client : réagir avec calme et empathie&quot; – Mets-toi en situation à la caisse et choisis la réponse la plus adaptée à chaque profil. Généré le 2025-11-10T11:19:54.075Z.</imsmd:string>
        </imsmd:description>
      </imsmd:general>
    </imsmd:lom>
  </metadata>
  <organizations default="decathlon-formation-capitaine-2026-etape-03-org">
    <organization identifier="decathlon-formation-capitaine-2026-etape-03-org" structure="hierarchical">
      <title>Fin du paiement par chèque – Formation Capitaine – Simulation client : réagir avec calme et empathie</title>
      <item identifier="decathlon-formation-capitaine-2026-etape-03-item" identifierref="decathlon-formation-capitaine-2026-etape-03-resource" isvisible="true">
        <title>Fin du paiement par chèque – Formation Capitaine – Simulation client : réagir avec calme et empathie</title>
      </item>
    </organization>
  </organizations>
  <resources>
    <resource identifier="decathlon-formation-capitaine-2026-etape-03-resource" type="webcontent" adlcp:scormtype="sco" href="index.html?module=etape-03">
      <file href="assets/index-CVQKGE1P.js" />
      <file href="assets/index-XPJd14iF.css" />
      <file href="decathlon-memo-bonnes-pratiques.pdf" />
      <file href="favicon.ico" />
      <file href="index.html" />
      <file href="placeholder.svg" />
      <file href="robots.txt" />
    </resource>
  </resources>
</manifest>
