<?xml version="1.0" encoding="UTF-8"?>
<manifest identifier="decathlon-formation-capitaine-2026-etape-02" version="1.0" xmlns="http://www.imsproject.org/xsd/imscp_rootv1p1p2" xmlns:adlcp="http://www.adlnet.org/xsd/adlcp_rootv1p2" xmlns:imsmd="http://www.imsglobal.org/xsd/imsmd_rootv1p2p1" xmlns:xsi="http://www.w3.org/2001/XMLSchema-instance" xsi:schemaLocation="http://www.imsproject.org/xsd/imscp_rootv1p1p2 https://www.imsglobal.org/xsd/imscp_rootv1p1p2.xsd http://www.adlnet.org/xsd/adlcp_rootv1p2 https://www.adlnet.gov/adlxml.xsd http://www.imsglobal.org/xsd/imsmd_rootv1p2p1 https://www.imsglobal.org/xsd/imsmd_rootv1p2p1.xsd">
  <metadata>
    <imsmd:lom>
      <imsmd:general>
        <imsmd:title>
          <imsmd:string language="fr">Fin du paiement par chèque – Formation Capitaine – Les 3 réflexes clés à adopter</imsmd:string>
        </imsmd:title>
        <imsmd:description>
          <imsmd:string language="fr">Module &quot;Les 3 réflexes clés à adopter&quot; – Empathie, clarté et alternatives pour accompagner chaque client avec assurance. Généré le 2025-11-10T11:58:58.995Z.</imsmd:string>
        </imsmd:description>
      </imsmd:general>
    </imsmd:lom>
  </metadata>
  <organizations default="decathlon-formation-capitaine-2026-etape-02-org">
    <organization identifier="decathlon-formation-capitaine-2026-etape-02-org" structure="hierarchical">
      <title>Fin du paiement par chèque – Formation Capitaine – Les 3 réflexes clés à adopter</title>
      <item identifier="decathlon-formation-capitaine-2026-etape-02-item" identifierref="decathlon-formation-capitaine-2026-etape-02-resource" isvisible="true">
        <title>Fin du paiement par chèque – Formation Capitaine – Les 3 réflexes clés à adopter</title>
      </item>
    </organization>
  </organizations>
  <resources>
    <resource identifier="decathlon-formation-capitaine-2026-etape-02-resource" type="webcontent" adlcp:scormtype="sco" href="index.html?module=etape-02">
      <file href="assets/index-Bp_kjZI9.js" />
      <file href="assets/index-XPJd14iF.css" />
      <file href="favicon.ico" />
      <file href="index.html" />
      <file href="memo-bonnes-pratiques-ensemble-vers-2026.pdf" />
      <file href="placeholder.svg" />
      <file href="robots.txt" />
    </resource>
  </resources>
</manifest>
